<?xml version="1.0" encoding="utf-8"?>
<Window size="386,146" bktrans="true" dpi="system" >
  <Font id="0" name="微软雅黑" size="9" default="true" />
  <VerticalLayout name="vrlMain" bkimage="guard\bg.png" >
		<HorizontalLayout>
			<GifAnim name="gif" padding="30,18,0,0" image="guard\g.gif" width="110" height="110" autoplay="true" autosize="false" />
			<Control width="20" />
			<VerticalLayout>
				<Label padding="55,40,0,0" width="128" height="19" bkimage="guard\logo.png" />
				<Control height="10" />
				<HorizontalLayout bkimage="guard\进度条.png" width="200" height="36">
					<Progress name="progressMain" width="134" height="20" padding="13,8,0,0" bkcolor="#FF000000" forecolor="#FF209AB5" borderround="6,6" value="1"  />
					<Control width="5" />
					<Label name="lblProgress" width="75" valign="vcenter" align="left" textcolor="#209AB5" text="0%" />
				</HorizontalLayout>
				<Control />
			</VerticalLayout>
		</HorizontalLayout>
		<Label float="true" pos="190,80,301,95" bkimage="guard\云端防盗启动.png" />
  </VerticalLayout>
 
</Window>